{"cameraMode":{"drawMode":0,"name":"Shaded","section":"Shading Mode"},"sceneLighting":false,"audioPlay":false,"sceneViewState":{"m_AlwaysRefresh":false,"showFog":true,"showSkybox":true,"showFlares":true,"showImageEffects":true,"showParticleSystems":true,"showVisualEffectGraphs":true,"m_FxEnabled":true},"in2DMode":false,"pivot":{"x":0.5932918787002564,"y":1.1750755310058594,"z":0.15099334716796876},"rotation":{"x":-0.03787173330783844,"y":0.9552211165428162,"z":-0.1402762532234192,"w":-0.25789549946784975},"size":2.4443116188049318,"orthographic":false}