{"cameraMode":{"drawMode":0,"name":"Shaded","section":"Shading Mode"},"sceneLighting":false,"audioPlay":false,"sceneViewState":{"m_AlwaysRefresh":false,"showFog":true,"showSkybox":true,"showFlares":true,"showImageEffects":true,"showParticleSystems":true,"showVisualEffectGraphs":true,"m_FxEnabled":true},"in2DMode":false,"pivot":{"x":3.7799394130706789,"y":0.49585211277008059,"z":-4.407561302185059},"rotation":{"x":-0.05854674056172371,"y":0.9208699464797974,"z":-0.1522115021944046,"w":-0.35420578718185427},"size":1.884052038192749,"orthographic":false}